sigma,beta,rho,x0,y0,z0,dt,n
10.0,2.6666666666666665,6.0,0.8666370428503979,0.2631448495974139,0.131408478173487,0.01,5000.0
10.0,2.6666666666666665,16.0,0.041593443747687364,0.23892433469051455,0.6454746004955415,0.01,5000.0
10.0,2.6666666666666665,28.0,0.7905993520222332,0.6014424381923764,0.33429937148835265,0.01,5000.0
14.0,2.6666666666666665,28.0,0.11942846158833154,0.30913305250605294,0.10972378522258008,0.01,5000.0
14.0,4.333333333333333,28.0,0.6021133114626169,0.25128495916256977,0.2996812876134075,0.01,5000.0
